Compound Number,File,RT [min],Precursor m/z (Da),Priority/Bonus,Adduct,InChIKey,SMILES
1,A_M28_negPFP_04,1.67,517.2210,Priority,[M+Cl]-,ZUDBDCBPZHGAEL-DCYCNZAJSA-N,CC12CC(CC(C1CCC34C2CCC(C3)C(=C)C4O)C(=O)O)OC5C(C(C(C(O5)CO)O)O)O
2,A_M8_negPFP_03,3.70,959.4857,Priority,[M+FA-H]-,ZKCHQVRAXCCTLE-YXHZOQBQSA-N,CC1(C2CCC3(C(C2(CCC1OC4C(C(C(CO4)OC5C(C(C(C(O5)CO)O)O)O)O)OC6C(C(C(C(O6)CO)O)O)O)C)CC=C7C3(CCC8(C7CC(CC8)(C)O)C(=O)O)C)C)C
3,A_M3_posPFP_01,5.55,719.2546,Priority,[M+H]+,UYALDZZEAZIEME-MYTBKXFISA-N,CC1C(C(C(C(O1)OC2=C(OC3=C(C(=CC(=C3C2=O)O)O)CC=C(C)C)C4=CC=C(C=C4)OC)O)OC5C(C(C(C(O5)CO)O)O)O)OC(=O)C
4,A_M6_posPFP_02,5.74,467.2728,Priority,[M+Na]+,IFQVIMQHTPDZQU-UHFFFAOYSA-N,CC(C)CC(C(=O)O)NC(=O)C(C(C)C)OC(=O)C(C(C)C)NC(=O)C(CC(C)C)O
5,A_M23_posPFP_02,5.55,499.2302,Priority,[M+Na]+,XPXRFYSHQGUVFK-UTXMSIPTSA-N,CC1CC2(C(C1O)C=C(C(CC3C(C3(C)C)C=C(C2=O)C)OC(=O)CCC(=O)O)C)OC(=O)C
6,A_M26_posPFP_01,5.23,1102.5793,Priority,[M+NH4]+,XPCKJVBBSBPFQL-DCULSWDLSA-N,CC1C(C(C(C(O1)OC2C(OC(C(C2O)O)OCC3C(C(C(C(O3)OC(=O)C45CCC(=C)CC4C6=CCC7C8(CCC(C(C8CCC7(C6(CC5)C)C)(C)C)OC9C(C(C(CO9)O)O)O)C)O)O)O)COC(=O)C)O)O)O
7,A_M24_negPFP_03,1.99,577.1563,Priority,[M-H]-,LYKXPTCUGPKDQL-ZRXCBZTOSA-N,CC1C(C(C(C(O1)OC2C(C(C(OC2OC3=CC(=CC4=C3C(=O)C=C(O4)C5=CC=C(C=C5)O)O)CO)O)O)O)O)O
8,A_M6_negPFP_03,6.29,371.2439,Priority,[M-H]-,RZCUHAHZISRSJD-UHFFFAOYSA-N,CCCCCCCCCC(=O)OC(C(C(C)C)OC(=O)C(C)C)C(=O)O
9,E_M28_posPFP_01,3.41,336.1740,Priority,[M+H]+,WKEMJKQOLOHJLZ-UHFFFAOYSA-N,CN(C)CCC1=CNC2=C1C=C(C=C2)CS(=O)(=O)N3CCCC3
10,E_M86_posPFP_01,2.25,472.2092,Priority,[M+H]+,YBSJFWOBGCMAKL-UHFFFAOYSA-N,CN1C2=C(C=C(C=C2)C(=O)N(CCC(=O)O)C3=CC=CC=N3)N=C1CNC4=CC=C(C=C4)C(=N)N
11,E_M35_posPFP_01,6.02,657.3130,Priority,[M+H]+,MJNIWUJSIGSWKK-BBANNHEPSA-N,CCCC(=O)OCC(C(C(CN1C2=C(C=C(C(=C2)C)C)N=C3C1=NC(=O)NC3=O)OC(=O)CCC)OC(=O)CCC)OC(=O)CCC
12,E_M44_negPFP_03,4.97,185.0608,Priority,[M-H]-,SIVYRLBDAPKADZ-UHFFFAOYSA-N,CC1=CC=C(C2=CC=CC=C12)C(=O)O
13,A_M24_negPFP_03,5.51,723.3961,Priority,[M+FA-H]-,FTUCJLKRCLNNPB-OQDXJULVSA-N,CC1CC(OC2(C1C3(CCC45CC46CCC(C(C6CC=C5C3(C2O)C)(C)C)OC7C(C(C(CO7)O)O)O)C)O)C(C(C)(C)O)OC(=O)C
14,A_M6_negPFP_03,5.46,679.4063,Priority,[M+FA-H]-,WNRDHIDWADTLIO-YYCILOOSSA-N,CC1(CCC2(CCC3(C(=CCC4C3(CCC5C4(CC(C(C5(C)C)O)O)C)C)C2C1)C)C(=O)OC6C(C(C(C(O6)CO)O)O)O)C
15,A_M23_posPFP_01,4.82,519.3316,Priority,[M+H]+,FYGSMJAMPMZYFS-XOTGQYDDSA-N,CC1CCC2(CCC3(C(=CCC4C3(CCC5C4(CC(C(C5(C)C(=O)O)O)O)C)C)C2C1(C)O)C)C(=O)O
16,A_M27_posPFP_01,4.02,233.1172,Priority,[M+H]+,QMMMQWRPZIJGPT-AWEZNQCLSA-N,CCC1(C(=O)C=CC2=C1OC(=C(C2=O)C)C)C
17,A_M6_posPFP_02,2.11,555.2776,Priority,[M+Na]+,SFLNQLHULUYBES-UHFFFAOYSA-N,CC1(CCC2C3(CCCC(C3CC(C2(C1)O)O)(C)C(=O)O)C)C(COC4C(C(C(C(O4)CO)O)O)O)O
18,A_M3_posPFP_01,5.63,918.5268,Priority,[M+NH4]+,BQIUFGZODBARSL-UHFFFAOYSA-N,CCCCCC(CC(CC(=O)OC(CCCCC)CC(CC(=O)OC(CCCCC)CC(CC(=O)O)OC1C(C(C(C(O1)CO)O)O)O)OC2C(C(C(C(O2)CO)O)O)O)O)O
19,A_M9_negPFP_03,2.11,195.0663,Priority,[M-H]-,CGWRDLSMEFSEDN-UHFFFAOYSA-N,COC1=CC(=C(C=C1)CCC(=O)O)O
20,A_M28_negPFP_03,4.75,529.1715,Priority,[M-H]-,SRPODRMTMBGGLK-MLIZCRTMSA-N,CC1C(C(C(C(O1)OC2=C(OC3=C(C(=CC(=C3C2=O)O)O)CC(C(=C)C)O)C4=CC=C(C=C4)OC)O)O)O
21,E_M28_posPFP_01,5.43,347.1278,Priority,[M+H]+,VCSUYXUJFRFUEL-UHFFFAOYSA-N,CC1=C(C=C(C=C1)C2(C3=CC=CC=C3C(=O)O2)C4=CC(=C(C=C4)C)O)O
22,E_M37_posPFP_01,6.17,454.0753,Priority,[M+H]+,YDBLKRPLXZNVNB-UHFFFAOYSA-N,CC1=C(C=CC(=C1)SCC2=C(N=C(S2)C3=CC=C(C=C3)C(F)(F)F)C)OCC(=O)O
23,E_M86_posPFP_01,5.62,489.2279,Priority,[M+H]+,MJEXYQIZUOHDGY-UHFFFAOYSA-N,CCCC1=NN(C2=C1N=C(NC2=O)C3=C(C=CC(=C3)S(=O)(=O)N4CCN(CC4)CC)OCC)C
24,E_M74_negPFP_03,0.56,181.0142,Priority,[M-H]-,MWRVRCAFWBBXTL-UHFFFAOYSA-N,C1=CC(=C(C=C1O)C(=O)O)C(=O)O
25,A_M24_negPFP_04,2.71,1111.5097,Priority,[M+Cl]-,FMERKDCSVVHBLX-KCTRNYBHSA-N,CC1(C2CCC3(C(C2(CCC1OC4C(C(C(CO4)OC5C(C(C(C(O5)CO)O)O)O)O)OC6C(C(C(C(O6)CO)O)O)O)C)CC=C7C3(CCC8(C7CC(CC8)(C)O)C(=O)OC9C(C(C(C(O9)CO)O)O)O)C)C)C
26,A_M4_posPFP_01,3.35,192.1383,Priority,[M+H]+,ZYRLCOGVOHEKBK-UHFFFAOYSA-N,CC(C)NC(=O)CCC1=CC=CC=C1
27,A_M27_posPFP_02,4.90,717.3820,Priority,[M+Na]+,CNWZWVFEXLYSBT-KCPUTACTSA-N,CC1CC(OC(=O)C1C2(CCC34CC35CCC(C(C5CCC4C2(C)C(=O)O)(C)C)OC6C(C(C(CO6)O)O)O)C)C(C(C)(C)O)OC(=O)C
28,A_M23_posPFP_02,5.92,545.2146,Priority,[M+Na]+,UDWINLZYCCTMBM-KVGJNFRLSA-N,CC1C(C(OC1C2=CC3=C(C=C2)OCO3)C4=CC(=C(C=C4)OC(C)C(C5=CC(=C(C=C5)OC)O)O)OC)C
29,A_M6_posPFP_01,5.74,1266.7052,Priority,[M+NH4]+,DXKIYFYDJGEVJY-UHFFFAOYSA-N,CCCCCC(CC(CC(=O)OC(CCCCC)CC(CC(=O)OC(CCCCC)CC(CC(=O)OC(CCCCC)CC(CC(=O)O)OC1C(C(C(C(O1)CO)O)O)O)OC2C(C(C(C(O2)CO)O)O)O)O)O)OC3C(C(C(C(O3)CO)O)O)O
30,A_M6_negPFP_03,2.55,725.2298,Priority,[M-H]-,BRDVWIOUHLWIGN-LJHYTBJKSA-N,CC1C(C(C(C(O1)OCC2C(C(C(C(O2)OC3=CC(=C4C(=O)CC(OC4=C3)C5=CC=C(C=C5)O)O)OC6C(C(C(C(O6)C)O)O)O)O)O)O)O)O
31,A_M28_negPFP_03,1.75,535.1821,Priority,[M-H]-,LIIDAMUJPFBXAR-FPOXNKGTSA-N,COC1=CC(=CC(=C1O)C2C(C(C(C(O2)CO)O)O)O)CC3COC(=O)C3(CC4=CC(=C(C=C4)O)OC)O
32,A_M9_negPFP_03,4.73,211.0976,Priority,[M-H]-,OIUPBOONLQPLQI-MRVPVSSYSA-N,CCCCCC1C(=C(C(=O)O1)C)C(=O)O
33,A_M3_negPFP_03,2.40,185.1183,Priority,[M-H]-,YVJQQTNULQIMBG-VIFPVBQESA-N,CC(CCCC(=CCO)C)C(=O)O
34,E_M86_posPFP_01,5.37,505.2228,Priority,[M+H]+,NEYKRKVLEWKOBI-UHFFFAOYSA-N,CCCC1=NN(C2=C1N=C(NC2=O)C3=C(C=CC(=C3)S(=O)(=O)N4CCN(CC4)CCO)OCC)C
35,E_M37_posPFP_01,7.52,522.5972,Priority,[M+H]+,SWZDQOUHBYYPJD-UHFFFAOYSA-N,CCCCCCCCCCCCN(CCCCCCCCCCCC)CCCCCCCCCCCC
36,E_M28_posPFP_01,2.70,425.0109,Priority,[M+NH4]+,OPIFSICVWOWJMJ-AEOCFKNESA-N,C1=CC(=C(C2=C1NC=C2OC3C(C(C(C(O3)CO)O)O)O)Cl)Br
37,E_M76_negPFP_03,3.91,223.9845,Priority,[M-H]-,ZZUQWNYNSKJLPI-UHFFFAOYSA-N,C1=CC=C2C(=C1)N=C(S2)SCC(=O)O
38,A_M3_negPFP_03,1.02,243.0874,Priority,[M+FA-H]-,KGBKYZFFQHZKLE-QMMMGPOBSA-N,CCCC(C1=C(OC(=O)C=C1)CO)O
39,A_M9_negPFP_03,4.87,301.1657,Priority,[M+FA-H]-,UKWNFIJQRGRIDQ-UHFFFAOYSA-N,CC=C(C)CC(C)C1C(C(C(C(=O)O1)(C)O)O)C
40,A_M6_negPFP_03,4.33,973.5014,Priority,[M+FA-H]-,WICIOAMNFCXLEV-MSGDGCCXSA-N,CC1CCC2(CCC3(C(=CCC4C3(CCC5C4(CCC(C5(C)C)OC6C(C(C(CO6)O)O)OC7C(C(C(C(O7)CO)O)O)O)C)C)C2C1(C)O)C)C(=O)OC8C(C(C(C(O8)CO)O)O)O
41,A_M24_posPFP_01,3.39,251.1642,Priority,[M+H]+,ODEUPBSFCFNAST-MXAVVETBSA-N,CC1=C(CC2(C13CCC(C3CC2)(C)O)C)C(=O)O
42,A_M4_posPFP_01,0.69,199.0965,Priority,[M+H]+,WYOIVALENVXRJQ-QMMMGPOBSA-N,CCCC1=C(C=CC(=O)O1)C(CO)O
43,A_M7_posPFP_02,4.47,217.0835,Priority,[M+Na]+,NRLCQITWKJENAT-UHFFFAOYSA-N,CC=C(C)C1=CC(=C(C(=O)O1)C)OC
44,A_M27_posPFP_02,3.92,805.4345,Priority,[M+Na]+,OQQOYQUBUVPAAU-SCPUYFPYSA-N,CC1CCC2(CCC3(C(=CCC4C3(CCC5C4(CCC(C5(C)CO)OC6C(C(C(CO6)O)O)O)C)C)C2C1(C)O)C)C(=O)OC7C(C(C(C(O7)CO)O)O)O
45,A_M28_negPFP_03,4.68,865.2772,Priority,[M-H]-,HAVCNTVVRPOVNT-SLNRQDROSA-N,CC1C(C(C(C(O1)OC2=C(OC3=C(C2=O)C(=CC(=C3CC=C(C)C)OC4C(C(C(C(O4)CO)O)O)O)O)C5=CC=C(C=C5)OC)OC(C(C(=O)OC)O)OC(C)C(=O)O)O)O
46,A_M25_negPFP_03,4.70,249.1496,Priority,[M-H]-,UFUCTYSVQPEEFA-AVGNSLFASA-N,CC1(C2C1C=C(CCC(C(=C)CC2)O)C(=O)O)C
47,A_M22_negPFP_03,5.77,358.1660,Priority,[M-H]-,WOPHEEXRJKUYKQ-UHFFFAOYSA-N,CC1C=CC2CCCCC2C1C3=CC(=C(C(=O)O3)C=O)NC(C)C(=O)O
48,E_M28_posPFP_01,5.53,419.0973,Priority,[M+H]+,JMZOMFYRADAWOG-UHFFFAOYSA-N,COC1=C2C(=C(C(=C1)C(=O)OC)C3=C4C(=C(C=C3C(=O)OC)OC)OCO4)OCO2
49,E_M41_posPFP_02,3.84,381.0070,Priority,[M+Na]+,FJDDSMSDZHURBJ-UHFFFAOYSA-N,CC(=O)NCCC1=C(NC2=C1C=C(C=C2)OC)I
50,E_M86_posPFP_01,6.08,600.4681,Priority,[M+NH4]+,ONJQDTZCDSESIW-UHFFFAOYSA-N,CCCCCCCCCCCCOCCOCCOCCOCCOCCOCCOCCOCCOCCO
51,E_M17_negPFP_03,2.40,280.1415,Priority,[M-H]-,ZZQHGKMTMAORFI-UHFFFAOYSA-N,CN1C2=C(N=C1NCCCOC)N(C(=O)N(C2=O)C)C
52,A_M22_negPFP_03,2.02,567.2083,Priority,[M+FA-H]-,UFFRBCKYXMEITK-PEBYTCCLSA-N,COC1=CC(=CC(=C1OC2C(C(C(C(O2)CO)O)O)O)C(CC3=CC(=C(C=C3)O)OC)CO)C=CCO
53,A_M28_negPFP_03,3.55,1145.5233,Priority,[M+FA-H]-,XBQGYUHHNKDVKX-LJPKUSMYSA-N,CC1C(C(C(C(O1)OCC2C(C(C(C(O2)OCC(=CCC(C(=CCCC(=CCCC(C)(C=C)OC3C(C(C(C(O3)CO)O)O)OC4C(C(C(C(O4)CO)O)O)O)C)C)O)C)O)O)OC5C(C(C(C(O5)C)O)O)O)O)O)O
54,A_M28_posPFP_01,5.85,235.0965,Priority,[M+H]+,CIGSWLXZMSXAAE-ZCFIWIBFSA-N,CC1C(=C)OC(=O)C2=C1C(=C(C=C2O)OC)C
55,A_M24_posPFP_01,6.26,305.2475,Priority,[M+H]+,NLVMTSRTOGOFQD-UHFFFAOYSA-N,CC1CCC2(C(C1(C)CCC(=CC(=O)O)C)CCC=C2C)C
56,A_M4_posPFP_01,3.88,251.0815,Priority,[M+H]+,TXEFUSAHPIYZHD-UHFFFAOYSA-N,COC1=CC2=NC=CC3=C2N(C1=O)C4=CC=CC=C34
57,A_M7_posPFP_01,2.50,256.1907,Priority,[M+H]+,ZRAPVLSWOKTYNU-UHFFFAOYSA-N,CCC(C(CC=CCC=CCCCC(=O)N)O)O
58,A_M25_negPFP_03,5.61,284.1656,Priority,[M-H]-,FVINVHIYNUTXPB-SFHVURJKSA-N,CC(=CCC1(C2=C(C=C(C=C2)O)NC1=O)C(C)(C)C=C)C
59,A_M7_negPFP_03,3.28,265.1445,Priority,[M-H]-,JJXLDNFRQCESGZ-UHFFFAOYSA-N,CC1CCC=C2C1(CC(C(C2O)O)C(=C)C(=O)O)C
60,A_M3_negPFP_03,5.06,263.1289,Priority,[M-H]-,OAHIHSADYZLDCR-UHFFFAOYSA-N,CC1(CC2C=C(C3(CC3(C2C1)C)C(=O)O)C(=O)O)C
61,A_M9_negPFP_03,5.25,305.1183,Priority,[M-H]-,YQOVRUAPWCGSLC-UHFFFAOYSA-N,C1=CC(=CC=C1CC2=CC(=C(C=C2)O)CC3=CC=C(C=C3)O)O
62,E_M33_negPFP_03,6.42,784.9837,Priority,[M+FA-H]- ,BSOLVVCARHZLMT-UHFFFAOYSA-N,C(C(C(C(C(F)F)(F)F)(F)F)(F)F)OP(=O)(OCC(C(C(C(F)F)(F)F)(F)F)(F)F)OCC(C(C(C(F)F)(F)F)(F)F)(F)F
63,E_M86_posPFP_01,1.46,287.1139,Priority,[M+H]+,BQYIXOPJPLGCRZ-REZTVBANSA-N,CC1=NC=C(C(=C1O)C=NNC(=O)C2=CC=NC=C2)CO
64,E_M34_posPFP_01,6.55,564.2493,Priority,[M+H]+,OSFCMRGOZNQUSW-UHFFFAOYSA-N,COC1=CC=CC2=C1NC3=C(C2=O)C=CC=C3C(=O)NC4=CC=C(C=C4)CCN5CCC6=CC(=C(C=C6C5)OC)OC
65,E_M41_posPFP_02,5.91,386.1839,Priority,[M+Na]+,FBMYKMYQHCBIGU-UHFFFAOYSA-N,CC(C)(CC1=CNC2=CC=CC=C21)NCC(COC3=CC=CC=C3C#N)O
66,A_M25_negPFP_04,2.63,363.1580,Priority,[M+Cl]-,QFIZHIXXEOCVCR-QGCDZIMUSA-N,CC1CC(C2C(C(C3(C2(C1C(OC3)O)O)C)O)(C)C)OC(=O)C
67,A_M7_negPFP_03,3.68,393.1919,Priority,[M+FA-H]-,IHDNCMDRDAONNT-UHFFFAOYSA-N,CC1=CC(C(C1=O)C=C(C)CCC=C2CCC(OC2=O)C(C)(C)O)O
68,A_M22_negPFP_03,5.47,811.4485,Priority,[M+FA-H]-,WBDDWIKJZNNKBQ-ZQUYRLKRSA-N,CC1CCC2(CCC3(C(=CCC4C3(CCC5C4(CCC(C5(C)C)OC6C(C(C(CO6)O)O)OC7C(C(C(C(O7)CO)O)O)O)C)C)C2C1(C)O)C)C(=O)O
69,A_M4_posPFP_01,3.18,442.1530,Priority,[M+H]+,AGBBJVFSJVBRRY-UHFFFAOYSA-N,CC(=O)NC(CSCC(=O)C12CC(CC1C=C(C2CC(=O)O)C(=O)O)(C)C)C(=O)O
70,A_M28_posPFP_02,2.31,313.1622,Priority,[M+Na]+,JCOCIXAHAFALHI-UHFFFAOYSA-N,C(CCCC(C(CCCC(=O)O)O)O)CCCC(=O)O
71,A_M24_posPFP_01,2.58,350.2173,Priority,[M+NH4]+,JPFNJNIYHKVTDX-ZMAWNPEZSA-N,CC(=CCC=C(C)C(CO)OC1C(C(C(C(O1)CO)O)O)O)C
72,A_M7_posPFP_01,3.24,652.2964,Priority,[M+NH4]+,MXZVBPOYCKIXHN-FFTVMPBDSA-N,CC1(C2CC(=O)C3(C(C2(C=CC(=O)O1)C)CCC(C34C(O4)C(=O)O)(C)C(C5=COC=C5)OC6C(C(C(C(O6)CO)O)O)O)C)C
73,A_M9_negPFP_03,5.88,405.2646,Priority,[M-H]-,FSQYXTHPPSJGNG-CSJFXCTJSA-N,CC(C)C(=O)OCC1CC23CCC4C(C2CCC1C3)(CCCC4(CO)C(=O)O)C
74,A_M29_negPFP_03,1.52,181.0870,Priority,[M-H]-,NCJFEURQKCATER-UHFFFAOYSA-N,CC1=C(C(CCC1=O)(C)C)C(=O)O
75,A_M3_negPFP_03,4.57,299.0561,Priority,[M-H]-,ZMFBGWWGXBNJAC-UHFFFAOYSA-N,COC1=C(C=CC(=C1)C2=COC3=CC(=CC(=C3C2=O)O)O)O
76,E_M35_negPFP_03,5.89,585.2406,Priority,[M+FA-H]- ,OUCSEDFVYPBLLF-KAYWLYCHSA-N,CC(C)C1=C(C(=C(N1CCC2CC(CC(=O)O2)O)C3=CC=C(C=C3)F)C4=CC=CC=C4)C(=O)NC5=CC=CC=C5
77,E_M86_posPFP_01,5.87,268.1696,Priority,[M+H]+,HIYAQBUTHPUUSV-UHFFFAOYSA-N,CC(C)(C)C1=CC=C(C=C1)C(=O)N(C)C2=CC=CC=C2
78,E_M41_posPFP_01,4.33,414.0215,Priority,[M+H]+,LVASCWIMLIKXLA-LSDHHAIUSA-N,C1CC(C(NC1)CC(=O)CN2C=NC3=CC(=C(C=C3C2=O)Cl)Br)O
79,E_M34_posPFP_01,0.63,628.7926,Priority,[M+H]+,GGGDNPWHMNJRFN-UHFFFAOYSA-N,CC(=O)NC1=C(C(=C(C(=C1I)C(=O)O)I)N(C)C(=O)C)I
80,A_M3_negPFP_04,3.72,435.1427,Priority,[M+Cl]-,XPIZBBYHXMPNEG-SQUCUVIGSA-N,CC1=C(C(=C(C(=C1O)C(=O)CC(C)C)OC2C(C(C(C(O2)CO)O)O)O)C)O
81,A_M24_posPFP_01,0.97,408.2592,Priority,[M+NH4]+,MRPDHXXPDCVBPQ-NTTCMOHZSA-N,CC1CC(CC(C1(C=CC(C)OC2C(C(C(C(O2)CO)O)O)O)O)(C)C)O
82,A_M4_posPFP_02,4.14,603.1684,Priority,[M+Na]+,MSTIUVOQDAVXIA-SATOHXPNSA-N,COC1=C(C=C(C=C1)C2=C(C(=O)C3=C(O2)C(=C(C(=C3OC)OC)OC)OC)OC4C(C(C(C(O4)CO)O)O)O)OC
83,A_M28_posPFP_02,0.41,336.1054,Priority,[M+Na]+,UTHVFIKQCUKKQW-BKZLMLJWSA-N,C1C(C=CC(=CC#N)C1OC2C(C(C(C(O2)CO)O)O)O)O
84,A_M7_posPFP_01,5.48,652.4419,Priority,[M+NH4]+,HZKJZYRLLBKBHA-DHRWMAOJSA-N,CC1CCC2(CCC3(C(=CCC4C3(CCC5C4(CC(C(C5(C)C)O)O)C)C)C2C1C)C)C(=O)OC6C(C(C(C(O6)CO)O)O)O
85,A_M7_negPFP_03,4.01,373.0565,Priority,[M-H]-,DFPWLQCOSHYAIG-GOSISDBHSA-N,CC1=CC(=C(C2=C1C(=O)OC3=C(O2)C(=C4C(OC(=O)C4=C3C)O)O)CO)O
86,A_M25_negPFP_03,3.53,371.1136,Priority,[M-H]-,FHYQIQMSODIFCP-UHFFFAOYSA-N,COC1=CC(=CC2=C1OC(C2CO)C3=CC(=C(C=C3)O)OC)C=CC(=O)O
87,A_M23_negPFP_03,2.47,165.0557,Priority,[M-H]-,GQXZUABNLSWQJA-UHFFFAOYSA-N,CC1=CC(=CC(=C1C(=O)C)O)O
88,A_M29_negPFP_03,6.06,235.1704,Priority,[M-H]-,JWBZQRMMZRWOSE-UHFFFAOYSA-N,CC=C(C)CCC=C(CCC=C(C)C)C(=O)O
89,A_M9_negPFP_03,6.13,447.2752,Priority,[M-H]-,YXAGJAFSQKHJEB-JACRPAJASA-N,CC(C)C(=O)OCC1CC23CCC4C(C2CCC1C3)(CCCC4(COC(=O)C)C(=O)O)C
90,E_M35_negPFP_04,6.42,670.6203,Priority,[M+Cl]-,DEIGXXQKDWULML-UHFFFAOYSA-N,C1CC(C(CCC(C(CCC(C1Br)Br)Br)Br)Br)Br
91,E_M27_posPFP_01,0.55,88.0757,Priority,[M+H]+,WHIVNJATOVLWBW-SNAWJCMRSA-N,CCC(=NO)C
92,E_M34_posPFP_01,8.21,812.4804,Priority,[M+H]+,LJVAJPDWBABPEJ-XZVSULPPSA-N,CCC1C2(C(C(C(=O)C(CC(C(C(C(=O)C(C(=O)O1)C)C)OC3C(C(CC(O3)C)N(C)C)O)(C)OC)C)C)N(C(=O)O2)CCCCN4C=C(N=C4)C5=CN=CC=C5)C
93,E_M41_posPFP_02,3.38,449.0987,Priority,[M+Na]+,WOSKHXYHFSIKNG-UHFFFAOYSA-N,COC1=CC2=NC=CC(=C2C=C1C(=O)N)OC3=CC(=C(C=C3)NC(=O)NC4CC4)Cl
94,A_M7_negPFP_04,1.98,441.0958,Priority,[M+Cl]-,LIGHTUNOZWZMMP-CBNQQXHVSA-N,C1=CC(=CC=C1CO)OC2C(C(C(C(O2)COC(=O)C3=CC=C(C=C3)O)O)O)O
95,A_M25_negPFP_04,5.75,427.0954,Priority,[M+Cl]-,YPULLITUOWRRPG-LJQANCHMSA-N,CC(C)(C1CC2=C(O1)C=CC3=C2OC(=O)C=C3)OC(=O)C=CC4=CC=C(C=C4)O
96,A_M9_negPFP_03,6.36,542.3698,Priority,[M+FA-H]-,MBBOPONQLZPJRT-UHFFFAOYSA-N,CCCCCC=CCC=CCCCCCCCC(=O)OCC(COCCC(C(=O)[O-])[N+](C)(C)C)O
97,A_M29_negPFP_03,2.89,339.0408,Priority,[M+FA-H]-,MMMZDSQYAMMVEG-UHFFFAOYSA-N,COC1=CC(=CC(=C1)O)CC(CC(C(Cl)Cl)O)O
98,A_M28_posPFP_01,5.21,335.2217,Priority,[M+H]+,KKUZEALMRZIWAJ-UHFFFAOYSA-N,CC12CCC3C(C1OCC2)C(=O)CC4C3(CCCC4(C)C(=O)O)C
99,A_M8_posPFP_01,5.42,267.1591,Priority,[M+H]+,UIDKGJWCHCMTEG-UHFFFAOYSA-N,CC(=CCCC(=CCCC(=CC(=O)O)C)C(=O)O)C
100,A_M4_posPFP_01,5.94,636.4470,Priority,[M+NH4]+,FNHDSKHVYPYDAZ-QXBAYVDYSA-N,CC(CCC(C(C)(C)O)O)C1CCC2(C1(CCC3=C2CCC4C3(CC(C(=O)C4(C)C)OC(=O)CC(C)(CC(=O)O)O)C)C)C
101,A_M24_posPFP_01,4.47,542.1657,Priority,[M+NH4]+,ZPUVNNIJVVEZBH-CMBBOZRESA-N,C1C2=C(C(=C3C(=C2)C=CC=C3OC4C(C(C(C(O4)COC(=O)C=CC5=CC=C(C=C5)O)O)O)O)O)C(=O)O1
102,A_M23_negPFP_03,2.09,327.0309,Priority,[M-H]-,AEFDYPFFZOCXNS-NSHDSACASA-N,CC=C1C(=O)N(C(C(=O)N1)CC2=CC(=C(C(=C2)Cl)O)Cl)C
103,A_M3_negPFP_03,3.51,401.1242,Priority,[M-H]-,MXADFNHTWMJYES-XOBRGWDASA-N,COC1=CC(=CC2=C1OC(C2CO)C3=CC(=C(C(=C3)OC)O)OC)C=CC(=O)O
104,E_M27_posPFP_01,0.41,110.0600,Priority,[M+H]+,DVVGIUUJYPYENY-UHFFFAOYSA-N,CN1C=CC=CC1=O
105,E_M38_posPFP_01,4.98,457.2016,Priority,[M+H]+,WHBIGIKBNXZKFE-UHFFFAOYSA-N,CC(C)NC1=C(N=CC=C1)N2CCN(CC2)C(=O)C3=CC4=C(N3)C=CC(=C4)NS(=O)(=O)C
106,E_M41_posPFP_01,6.05,484.2166,Priority,[M+H]+,BWZJBXAPRCVCKQ-UHFFFAOYSA-N,C1CCN(C1)C2CCN(CC2)C(=O)C3=CC=C(C=C3)NC4=NC=CC(=N4)C5=CC6=CC=CC=C6S5
107,A_M9_negPFP_03,2.78,791.2615,Priority,[M+FA-H]-,GXXXVFMBJGIYPK-IRWFNEAJSA-N,CC1C(CC2C1C(OC=C2C(=O)OC)OC3C(C(C(C(O3)CO)O)O)O)OC(=O)C4=COC(C(C4CC=O)C=C)OC5C(C(C(C(O5)CO)O)O)O
108,A_M7_negPFP_03,1.05,491.1406,Priority,[M+FA-H]-,PPLHEXYBZJOGTR-DHKQUUGRSA-N,C1C(C(C(O1)OCC2C(C(C(C(O2)OCC3=CC4=C(C=C3)OCO4)O)O)O)O)(CO)O
109,A_M3_negPFP_03,5.50,485.2194,Priority,[M+FA-H]-,XMXNEUOHSHGXTJ-GOTSBHOMSA-N,CC(C)(C=C)N1C=C(C2=CC=CC=C21)CC3C(=O)NC(C(=O)N3)CC4=CNC5=CC=CC=C54
110,A_M23_negPFP_03,1.09,377.1817,Priority,[M+FA-H]-,YBNGMZMKEPSDPI-LGZJULIWSA-N,CC1(C2CC(C1(CC2OC3C(C(C(C(O3)CO)O)O)O)C)O)C
111,A_M25_negPFP_03,3.30,827.4435,Priority,[M+FA-H]-,YSFNIMJWUPAQKC-RZHLFJOWSA-N,CC1(CCC2(CCC3(C(=CCC4C3(CCC5C4(CCC(C5(C)CO)OC6C(C(C(CO6)O)O)O)C)C)C2C1)C)C(=O)OC7C(C(C(C(O7)CO)O)O)O)CO
112,A_M28_posPFP_01,6.12,395.2329,Priority,[M+H]+,UMPABASQXRRHQB-YSGOIBPISA-N,CCC1CC2CC3(C1N(C2CC(=O)C)CCC4=C3NC5=CC=CC=C45)C(=O)OC
113,A_M25_posPFP_01,5.82,333.2060,Priority,[M+H]+,ZNBQWPMZFPFCKS-GOSISDBHSA-N,CC1=CC(=O)OC1CC=C(C)CCC=C(CCC=C(C)C)C(=O)O
114,A_M4_posPFP_02,5.90,741.3245,Priority,[M+Na]+,CPGFYBGUXQXJMQ-KZQPWMIESA-N,CC1C(C(OC1C2=CC(=C(C=C2)OC(C)C(C3=CC(=C(C=C3)O)OC)O)OC)C4=CC(=C(C=C4)OC(C)C(C5=CC(=C(C=C5)OC)OC)O)OC)C
115,A_M8_posPFP_02,5.17,325.2349,Priority,[M+Na]+,VUHKKYAXFCILCE-UHFFFAOYSA-N,CC(CC(C)O)C(CCCCCCCCCCC(=O)O)O
116,A_M29_negPFP_03,3.22,313.0484,Priority,[M-H]-,YDFWTYLPMZZSLA-UHFFFAOYSA-N,CC(CC(CC1=CC2=C(C(=CC(=C2Cl)O)O)C(=O)O1)O)O
117,E_M27_posPFP_01,0.54,145.0760,Priority,[M+H]+,DTVYNUOOZIKEEX-UHFFFAOYSA-N,C1=CC2=C(C=CN=C2)C(=C1)N
118,E_M40_posPFP_01,5.53,488.8968,Priority,[M+H]+,ZDTNHRWWURISAA-UHFFFAOYSA-N,C1=CC=C2C(=C1)C(=O)OC23C4=C(C(=C(C=C4)O)Br)OC5=C3C=CC(=C5Br)O
119,E_M41_posPFP_02,6.48,524.2805,Priority,[M+Na]+,PTQXTEKSNBVPQJ-UHFFFAOYSA-N,CC(C)C1=C(C(=CC=C1)C(C)C)OS(=O)(=O)NC(=O)CC2=C(C=C(C=C2C(C)C)C(C)C)C(C)C
120,A_M29_negPFP_04,2.94,469.0907,Priority,[M+Cl]-,KSDSYIXRWHRPMN-UHFFFAOYSA-N,C1C(OC2=CC(=CC(=C2C1=O)O)O)C3=CC=C(C=C3)OC4C(C(C(C(O4)CO)O)O)O
121,A_M7_negPFP_03,2.15,537.1978,Priority,[M+FA-H]-,TXSJJCSJHIDTDE-MZDBWQKZSA-N,COC1=C(C=C2C(C(C(CC2=C1)CO)COC3C(C(C(CO3)O)O)O)C4=CC(=C(C=C4)O)OC)O
122,A_M25_posPFP_01,5.95,429.2272,Priority,[M+H]+,OFDBBWUQAHAKDG-PREJITOJSA-N,CCC(C)C=C(C)C=CC(=O)OC1C=CC2=CC(=O)C(CC2(C1C)C)(C(=C)C(=O)O)O
123,A_M8_posPFP_02,5.46,657.3973,Priority,[M+Na]+,RRIMLWHUVCZACL-WHGXRBQASA-N,CC1CCC2(CCC3(C(=CCC4C3(CCC5C4(CCC(C5(C)C)O)C)C)C2C1(C)O)C)C(=O)OC6C(C(C(C(O6)CO)O)O)O
124,A_M4_posPFP_01,4.82,944.5213,Priority,[M+NH4]+,MOVNHXBNDSZSGK-JPYQVWQLSA-N,CC1C(C(C(C(O1)OC2C(C(COC2OC3CCC4(C(C3(C)C)CCC5(C4CC(C6=C7C(C8(CCC7(CCC65C)C(=O)O8)C)(C)O)O)C)C)O)OC9C(C(C(C(O9)CO)O)O)O)O)O)O
125,A_M28_posPFP_01,6.22,620.3218,Priority,[M+NH4]+,ULYZLNNPRNDNFD-ZICLEKGPSA-N,CC1CC2(C(C1OC(=O)C3=CC=CC=C3)C=C(C(CC(=O)C(C=CC(C2OC(=O)C)C)(C)C)OC(=O)C4=CC=CC=C4)C)O
126,A_M9_negPFP_03,3.89,955.4544,Priority,[M-H]-,CDJVLCFAYOIREA-OFCFZGJQSA-N,CC1C(C(C(C(O1)OC2C(C(OC(C2O)OC3C(CC4(C(C3(C)CO)CCC5(C4CC=C6C5(CCC7(C6CC(=C)CC7)C(=O)OC8C(C(C(C(O8)CO)O)O)O)C)C)C)O)C(=O)O)O)O)O)O
127,A_M27_negPFP_03,5.34,253.1445,Priority,[M-H]-,NLMAGFGYJVPKJJ-NSHDSACASA-N,CC(CCC=C(CCC=C(C)C)C(=O)O)C(=O)O
128,A_M23_negPFP_03,5.89,389.0878,Priority,[M-H]-,ONSPHUIOGAJFGD-UHFFFAOYSA-N,CC1=CC(=C(C(=C1C(=O)OC)OC2=C(C(=CC(=C2C)OC)C(=O)O)O)C=O)O
129,A_M3_negPFP_03,5.71,1195.5906,Priority,[M-H]-,YWRZZQBSAZIBEQ-ZPKFMWSBSA-N,CC=C(C)C(=O)OC1C(OC(C(C1OC(=O)C(=CC)C)O)OC2C(C3(C(CC2(C)C)C4=CCC5C6(CCC(C(C6CCC5(C4(CC3O)C)C)(C)CO)OC7C(C(C(C(O7)C(=O)O)O)O)OC8C(C(C(C(O8)CO)O)O)O)C)CO)OC(=O)C)C
130,E_M27_posPFP_01,0.47,173.0474,Priority,[M+H]+,AYRRNFHDJUXLEQ-UHFFFAOYSA-N,C1=CC=C(C=C1)OP(=O)(N)N
131,E_M40_posPFP_01,5.60,528.3378,Priority,[M+NH4]+,NLEBIOOXCVAHBD-QKMCSOCLSA-N,CCCCCCCCCCCCOC1C(C(C(C(O1)CO)OC2C(C(C(C(O2)CO)O)O)O)O)O
132,A_M23_negPFP_03,5.05,719.3496,Priority,[M+FA-H]-,LAMRTXHVEXWMOH-PVNJHXBISA-N,CC(=CCCC(C)(C=C)OC1C(C(C(C(O1)CO)O)O)OC2C(C(C(C(O2)CO)O)O)O)CCC=C(C)CC(C=C(C)C(=O)OC)O
133,A_M7_negPFP_03,5.74,577.3018,Priority,[M+FA-H]-,NBEYAEFZGDUVGW-MBKLMEFLSA-N,CCCC(C(C=CC(=O)OC1CC2C(C2(C)C)C=C(C(=O)C3(CC(C(C3C=C1C)O)C)OC(=O)C)C)O)O
134,A_M8_posPFP_01,4.98,739.2444,Priority,[M+H]+,JDYWLRRIZNBKMP-IKRGWGHGSA-N,CC(CC(=O)OC)(CC(=O)OCC1C(C(C(C(O1)OC2=C(OC3=C(C2=O)C(=C(C(=C3OC)OC)OC)OC)C4=CC(=C(C=C4)OC)OC)O)O)O)O
135,A_M25_posPFP_02,2.15,501.1367,Priority,[M+Na]+,RBTWPFBRVJRSRZ-XRNSGXKGSA-N,C=CC1C2CCOC(=O)C2=COC1OC3C(C(C(C(O3)CO)O)O)OC(=O)C4=CC(=CC=C4)O
136,A_M29_posPFP_01,1.62,274.2377,Priority,[M+NH4]+,ODDNJYHUVXKJBI-UHFFFAOYSA-N,CC12CCC(CC1C(CCC2O)(C)O)C(C)(C)O
137,A_M5_posPFP_01,3.15,270.2064,Priority,[M+NH4]+,ZQCSOQVURYSVKL-DHMVUYJDSA-N,CC12CCC(C3C1C(C(C3C2=C)O)O)C(C)(C)O
138,A_M29_negPFP_03,1.31,529.1927,Priority,[M-H]-,CPTNKRLUDCGSPQ-GCFZLKQZSA-N,CC1C(C(C(C(O1)OCC2C(C(C(C(O2)OC3=C(C(=C(C=C3)O)C)CC=C(C)C(=O)O)O)O)O)O)O)O
139,A_M4_negPFP_03,5.83,343.1551,Priority,[M-H]-,DIADZLCOROOTGN-OLZOCXBDSA-N,CC(CC1=CC(=C(C=C1)O)OC)C(C)CC2=CC3=C(C=C2O)OCO3
140,A_M27_negPFP_03,1.94,287.1500,Priority,[M-H]-,JDJWBXPQIRDCOI-UHFFFAOYSA-N,C(CCC(=O)O)CC=CCC(C(CCCC(=O)O)O)O
141,E_M44_posPFP_01,0.48,98.0964,Priority,[M+H]+,DYUWTXWIYMHBQS-UHFFFAOYSA-N,C=CCNCC=C
142,E_M27_posPFP_01,2.30,212.0818,Priority,[M+H]+,VEEGZPWAAPPXRB-YHYXMXQVSA-N,C1=CC=C2C(=C1)C(=CC3=CN=CN3)C(=O)N2
143,A_M7_negPFP_03,5.46,955.4908,Priority,[M+FA-H]-,DPEYAJFUJJMJNO-JOQVNCSISA-N,CC1C(C(C(C(O1)OC2C(C(COC2OC3CCC4(C(C3(C)C)CCC5(C4CC=C6C5(CCC78C6C(C(CC7)(OC8=O)C)(C)O)C)C)C)O)OC9C(C(C(C(O9)CO)O)O)O)O)O)O
144,A_M23_negPFP_03,4.64,811.4485,Priority,[M+FA-H]-,JUQZBNSNCFPQEN-QEONLWONSA-N,CC1(C2CCC3(C(C2(CCC1OC4C(C(C(CO4)O)O)O)C)CC=C5C3(CCC6(C5CC(CC6)(C)CO)C(=O)OC7C(C(C(C(O7)CO)O)O)O)C)C)C
145,A_M27_negPFP_03,0.35,358.1144,Priority,[M+FA-H]-,UTHVFIKQCUKKQW-QPQKLBPSSA-N,C1C(C=CC(=CC#N)C1OC2C(C(C(C(O2)CO)O)O)O)O
146,A_M29_negPFP_03,2.27,581.1876,Priority,[M+FA-H]-,VXYKGOAXVHSLDD-ATALQWSYSA-N,COC1=C(C=CC(=C1)CC2COC(=O)C2(CC3=CC(=C(C=C3)OC4C(C(C(C(O4)CO)O)O)O)OC)O)O
147,A_M9_posPFP_01,5.80,349.2010,Priority,[M+H]+,BNKQCXTYXHSKGJ-XJXKWIQZSA-N,CC=C(C)C(=O)OC1CC(C2(CC3=C(C(=O)OC3(CC2C1)O)C)C)C
148,A_M5_posPFP_01,2.59,267.1591,Priority,[M+H]+,QEXBXSJDNHRVSH-MHEUCROKSA-N,CC1=C(CC2(C13CCC(C3CC2)(CO)O)C)C(=O)O
149,A_M29_posPFP_02,4.95,353.2047,Priority,[M+Na]+,KMSCXNAPFWQQKD-UHFFFAOYSA-N,CC(C)CCCCCCC(CC(=O)NC(CC(=O)O)C(=O)N)O
150,A_M25_posPFP_01,1.83,542.2596,Priority,[M+NH4]+,PCWPSOCJBMEHGK-BZKLREMRSA-N,COC1=C(C=CC(=C1)CC(CO)C(CC2=CC(=C(C=C2)OC3C(C(C(C(O3)CO)O)O)O)OC)CO)O
151,A_M4_negPFP_03,6.43,399.2752,Priority,[M-H]-,FLVBOVQKMCPBFE-UHFFFAOYSA-N,CCCCCCCCCCCC(=O)OC(C(C)C)C(C(=O)O)OC(=O)C(C)C
152,E_M44_posPFP_01,0.96,127.0754,Priority,[M+H]+,MIDXCONKKJTLDX-UHFFFAOYSA-N,CC1CC(C(=O)C1=O)C
153,E_M27_posPFP_01,6.05,228.2322,Priority,[M+H]+,QEALYLRSRQDCRA-UHFFFAOYSA-N,CCCCCCCCCCCCCC(=O)N
154,A_M5_negPFP_04,5.35,335.1743,Priority,[M+Cl]-,LZOJNMQMOSTOHX-LBPRGKRZSA-N,CC(C)CCCCCCCC(=O)NC(CC(=O)O)C(=O)N
155,A_M7_negPFP_04,4.31,963.4726,Priority,[M+Cl]-,OWZYYRSRGCPFKQ-HMMRWYOQSA-N,CC1C(C(C(C(O1)OC2C(C(COC2OC3CCC4(C(C3(C)C)CCC5(C4CC=C6C5(CCC(C6C(=O)C)(CCC(C)O)C(=O)O)C)C)C)O)OC7C(C(C(C(O7)CO)O)O)O)O)O)O
156,A_M23_negPFP_04,2.97,859.2433,Priority,[M+Cl]-,WCUYANMOZSMFCP-CFKLRSBVSA-N,CC1C(C(C(C(O1)OC2=C(OC3=C(C2=O)C(=CC(=C3CC=C(C)C)OC4C(C(C(C(O4)CO)O)O)O)O)C5=CC=C(C=C5)O)OC6C(C(C(C(O6)CO)O)O)O)O)O
157,A_M29_negPFP_03,5.03,855.4384,Priority,[M+FA-H]-,NMDFCFOQBAHNPV-IWIVWMRFSA-N,CC1(CCC2(CCC3(C(=CCC4C3(CCC5C4(CCC(C5(C)CO)OC6C(C(C(CO6)OC7C(C(C(C(O7)CO)O)O)O)O)O)C)C)C2C1)C)C(=O)O)C(=O)OC
158,A_M5_posPFP_01,5.87,319.2268,Priority,[M+H]+,JIKPDGHCTOSDJA-UHFFFAOYSA-N,CC1CCC2(C(C1(C)CCC(=CC(=O)O)C)CC(=C2C)C=O)C
159,A_M29_posPFP_01,5.83,485.2170,Priority,[M+H]+,WAVKNSMRCWYDDL-UHFFFAOYSA-N,CCCCCC1=CC2=CC(=CC(=C2C(=O)O1)OC3=C(C(=C(C=C3O)OC)C(=O)O)CCCCC)O
160,A_M25_posPFP_02,2.02,603.2048,Priority,[M+Na]+,AKEQVUOZQNGJQC-UHFFFAOYSA-N,CC(=O)OCC1C(COC1C2=CC(=C(C=C2)O)OC)C(C3=CC(=C(C=C3)OC4C(C(C(C(O4)CO)O)O)O)OC)O
161,A_M9_posPFP_01,4.23,424.1966,Priority,[M+NH4]+,RQYZKRVLMHQSMS-UHFFFAOYSA-N,CC1COC2(C1(C(=O)C3=C(C2=O)C45CCCC(C4C(C3OC)OC5=O)(C)C)O)O
162,A_M27_negPFP_03,1.24,329.0878,Priority,[M-H]-,VSTYNZNDJYVPKL-CTYVSURLSA-N,COC(=O)C1=C(C(=CC=C1)OC2C(C(C(C(O2)CO)O)O)O)O
163,E_M44_posPFP_01,2.05,215.9655,Priority,[M+H]+,SGNCOKUHMXLGAH-UHFFFAOYSA-N,COC(=O)C1=NC(=CC=C1)Br
164,E_M27_posPFP_02,0.32,268.0704,Priority,[M+Na]+,NVZFZMCNALTPBY-XVFCMESISA-N,C1=CN(C(=O)N=C1N)C2C(C(C(O2)CO)O)F
165,E_M34_negPFP_03,5.71,664.6910,Priority,[M-H]-,UDSAIICHUKSCKT-UHFFFAOYSA-N,C1=CC=C2C(=C1)C(OS2(=O)=O)(C3=CC(=C(C(=C3)Br)O)Br)C4=CC(=C(C(=C4)Br)O)Br
166,A_M7_negPFP_03,3.81,1307.6278,Priority,[M+FA-H]-,NNIRVDLUHWUBSX-NBIDALDTSA-N,CC1C(C(C(C(O1)OC2C(OC(C(C2O)O)OCC3C(C(C(C(O3)OC(=O)C45CCC(CC4C6=CCC7C8(CCC(C(C8CCC7(C6(CC5)C)C)(C)C)OC9C(C(C(CO9)O)O)OC1C(C(C(C(O1)C)O)O)O)C)(C)CO)O)O)O)COC(=O)C)O)O)O
167,A_M27_negPFP_03,5.68,377.1970,Priority,[M+FA-H]-,NZIQEPLIKSMSRT-UHFFFAOYSA-N,CC1CCC2(C(C1(C)CCC3=CC(=O)OC3O)CC(=C2C)C=O)C
168,A_M23_negPFP_03,5.34,1103.5644,Priority,[M+FA-H]-,ULSOTXJNUTYKRK-NLUBGPCESA-N,CC1C(C(C(C(O1)OC2C(C(COC2OC3CCC4(C(C3(C)C)CCC5(C4CC=C6C5(CCC7(C6CC(CC7)(C)C)C(=O)OC8C(C(C(C(O8)CO)O)O)O)C)C)C)O)OC9C(C(C(C(O9)CO)O)O)O)O)O)O
169,A_M29_posPFP_01,5.27,705.2389,Priority,[M+H]+,ABAIOHPURNHXKB-JWFSFCLHSA-N,CC1C(C(C(C(O1)OC2=C(OC3=C(C2=O)C(=CC(=C3CC=C(C)C)OC4C(C(C(C(O4)CO)O)O)O)O)C5=CC=C(C=C5)O)O)O)OC(=O)C
170,A_M22_posPFP_01,5.04,249.1485,Priority,[M+H]+,JSWXKFCFVRCREF-NEPJUHHUSA-N,CC1(C2C1C=C(CCC(=O)C(=C)CC2)C(=O)O)C
171,A_M9_posPFP_02,2.70,561.1215,Priority,[M+Na]+,PRBUAZIWXABBBW-AFNDXPGZSA-N,COC1=C(C=CC(=C1)C2=C(C(=O)C3=C(C(=C(C(=C3O2)OC)O)OC)O)OC4C(C(C(C(O4)CO)O)O)O)O
172,A_M5_posPFP_02,4.90,424.1731,Priority,[M+Na]+,VBTZAIPQSNXYCM-BXAUHREASA-N,CCC(C)C1C(=O)C(C(=O)N1)(C2=CC3=C(C(C2=O)(C)CC)OC(=C(C3=O)C)C)O
173,A_M25_posPFP_01,5.57,1094.5953,Priority,[M+NH4]+,IESDYJUGZCFEQG-UHFFFAOYSA-N,CCCCCC(CC(CC(=O)OC(CCCCC)CC(CC(=O)OC(CCCCC)CC(CC(=O)OC)OC1C(C(C(C(O1)CO)O)O)O)OC2C(C(C(C(O2)CO)O)O)O)O)OC3C(C(C(C(O3)CO)O)O)O
174,A_M5_negPFP_03,3.10,371.1711,Priority,[M-H]-,OQWLWGHVEYZMLN-GHLGXFJJSA-N,CCC=CCC1(CCC=CC1C(=O)O)OC2C(C(C(C(O2)CO)O)O)O
175,A_M29_negPFP_03,3.12,1103.5280,Priority,[M-H]-,VQMRBUNQTLAATK-JOUDUNFKSA-N,CC1(C2CCC3(C(C2(CCC1OC4C(C(C(CO4)OC5C(C(C(C(O5)CO)O)O)O)O)OC6C(C(C(C(O6)CO)O)O)O)C)CC=C7C3(CCC8(C7CC(CC8)(C)C(=O)O)C(=O)OC9C(C(C(C(O9)CO)O)O)O)C)C)C
176,E_M34_negPFP_03,5.84,792.6584,Priority,[M+FA-H]- ,PPJYSSNKSXAVDB-UHFFFAOYSA-N,C1=C(C=C(C(=C1I)OC2=CC(=C(C(=C2)I)O)I)I)CC(=O)O
177,E_M74_posPFP_01,1.25,114.1277,Priority,[M+H]+,AVKNGPAMCBSNSO-UHFFFAOYSA-N,C1CCC(CC1)CN
178,E_M27_posPFP_01,5.20,282.1700,Priority,[M+H]+,UVZTZBRGZXIBLZ-UHFFFAOYSA-N,C1=CC(=O)N(C1=O)CCCCCCCCCCC(=O)O
179,A_M30_negPFP_04,0.64,411.1064,Priority,[M+Cl]-,FVAIJXKCYZKCGF-FFBHLRJYSA-N,CC1(C2CCC(C1C(=O)OC)O2)C(=O)OC3C(C(C(C(O3)CO)O)O)O
180,A_M8_negPFP_03,0.30,385.1352,Priority,[M+FA-H]-,CMXKPYSXVVBBDY-KUBZZJBSSA-N,CCOC1C(C(C(CO1)O)O)OC2C(C(C(C(O2)CO)O)O)O
181,A_M5_negPFP_03,3.62,449.1453,Priority,[M+FA-H]-,IVDMSWPOHFCIHO-YCRPNKLZSA-N,COC1=C(C=CC(=C1)C=CC(=O)OC)OC2=C(C=C(C=C2)C(C(CO)O)O)OC
182,A_M27_negPFP_03,1.42,407.1348,Priority,[M+FA-H]-,PMALFGMVFUCPMK-UHFFFAOYSA-N,COC1=C(C=CC(=C1)C(C2COC(C2CO)C3=CC(=C(C=C3)O)O)O)O
183,A_M22_posPFP_01,5.64,331.1904,Priority,[M+H]+,XYZWRQXZTNPKPD-OZBJMMHXSA-N,CC(C)C1=C(C=C2C(=C1)C(=O)CC3C2(CCCC3(C)C)C(=O)O)O
184,A_M26_posPFP_01,2.01,169.1223,Priority,[M+H]+,ZFUJCNJIGDBFEP-UHFFFAOYSA-N,CC1=CC(C(CC1=O)C(C)C)O
185,A_M5_posPFP_02,4.74,513.2360,Priority,[M+Na]+,DAOMSLPFWWIXQB-UHFFFAOYSA-N,CC1CC=CC2C(C(=C(C3C2(C(=O)C4C(O4)C(C1)O)C(=O)NC3CC5=CNC6=CC=CC=C65)C)C)O
186,A_M30_posPFP_02,1.50,279.1931,Priority,[M+Na]+,ODDNJYHUVXKJBI-MIBAYGRRSA-N,CC12CCC(CC1C(CCC2O)(C)O)C(C)(C)O
187,A_M9_posPFP_01,5.67,654.4576,Priority,[M+NH4]+,VWKSQQHPNMUNOC-UHFFFAOYSA-N,CC(CCC(C(C)(C)O)O)C1CCC2(C1(C(CC3=C2CCC4C3(CC(C(C4(C)C)OC(=O)CC(C)(CC(=O)O)O)O)C)O)C)C
188,A_M24_negPFP_03,1.06,167.0350,Priority,[M-H]-,GOWHHUDNXNDUAS-UHFFFAOYSA-N,C1CC(=C(C=C1)C(=O)O)C(=O)O
189,E_M74_posPFP_01,2.03,144.1383,Priority,[M+H]+,QRCJOCOSPZMDJY-UHFFFAOYSA-N,CCC(C)C(CC)C(=O)N
190,E_M27_posPFP_01,5.48,287.0485,Priority,[M+H]+,KDDXOGDIPZSCTM-UHFFFAOYSA-N,COC(=O)C1=CSC(=N1)C(=O)C2=CNC3=CC=CC=C32
191,E_M38_negPFP_03,5.45,409.0987,Priority,[M-H]-,VNIWZCGZPBJWBI-UHFFFAOYSA-N,CN1C(=O)C(=C(N=C1N2CCCCS2(=O)=O)C(=O)NCC3=CC=C(C=C3)F)O
192,A_M5_negPFP_03,4.37,665.3906,Priority,[M+FA-H]-,UKDGPTZSBZPKIO-DEOHUDLUSA-N,CC1(CCC2(CCC3(C(=CCC4C3(CCC5C4(CCC(C5(C)CO)OC6C(C(C(CO6)O)O)O)C)C)C2C1)C)C(=O)O)CO
193,A_M26_posPFP_01,5.49,305.2475,Priority,[M+H]+,SAYWUPNITYCHPG-OTOUPVKASA-N,CC(=CCCC(=CCCC1=CCC(OC1)C(=CCO)C)C)C
194,A_M30_posPFP_01,3.18,399.2377,Priority,[M+H]+,XHAUOHBDNZKIEL-OUEXDMKTSA-N,CC1=C2CC(CCC2(CCC1=O)C)C(C)(C)OC3C(C(C(C(O3)CO)O)O)O
195,A_M22_posPFP_01,6.06,522.3789,Priority,[M+NH4]+,PXKWYQCTBMFQDW-UHFFFAOYSA-N,CC1CCC2C(C1(CCC3C(=C)CCC4C3(CCC(=O)C(O4)(C)C)C)O)(CC(C(=O)C(O2)(C)C)O)C
196,A_M5_posPFP_01,4.57,550.2647,Priority,[M+NH4]+,SVLAIBOYFCQLIY-PGNWUXKFSA-N,CC1CC2(C=C(C(=O)O2)C)OC34C1CC5C3(O5)C6C(CC7C(OC8C7(CC6(CC4O)O)OC(=O)C8)(C)C)O
197,A_M27_negPFP_03,5.23,373.0929,Priority,[M-H]-,FEPPYNQWWRLZNW-UHFFFAOYSA-N,CC1=CC(=C(C2=C1C(=O)OC3=C(O2)C(=C(C(=C3)C(=O)O)C)OC)COC)O
198,A_M24_negPFP_03,2.28,229.1445,Priority,[M-H]-,FLXFNIBELQCRPA-NSHDSACASA-N,C(CCCC(C=CCO)O)CCCC(=O)O
199,A_M8_negPFP_03,5.68,373.1657,Priority,[M-H]-,LFMVGCLSSWANEO-UHFFFAOYSA-N,CC1=C2COC(=O)C2=C(C(=C1O)CC=C(C)CCC=C(C)CCC(=O)O)O
200,A_M30_negPFP_03,5.66,483.2038,Priority,[M-H]-,UTVHCNQHDCRVMF-GTYYOKPTSA-N,CC1C(=O)N2C3C(CC2(C4=NC5=CC=CC=C5C(=O)N14)O)(C6=CC=CC=C6N3C(=O)C)C(C)(C)C=C
201,E_M76_posPFP_01,0.36,103.0866,Priority,[M+H]+,ZQZJKHIIQFPZCS-UHFFFAOYSA-N,CCCNC(=O)N
202,E_M33_posPFP_01,0.47,1550.7206,Priority,[M+H]+,NBQNWMBBSKPBAY-UHFFFAOYSA-N,CC(=O)N(CC(CN(C1=C(C(=C(C(=C1I)C(=O)NCC(CO)O)I)C(=O)NCC(CO)O)I)C(=O)C)O)C2=C(C(=C(C(=C2I)C(=O)NCC(CO)O)I)C(=O)NCC(CO)O)I
203,E_M38_negPFP_03,2.66,503.1389,Priority,[M-H]-,UFUVLHLTWXBHGZ-UHFFFAOYSA-N,CCCC1CC(N(C1)C)C(=O)NC(C2C(C(C(C(O2)SC)OP(=O)(O)O)O)O)C(C)Cl
204,A_M8_negPFP_04,5.41,441.1322,Priority,[M+Cl]-,CLMACWUIFILBBM-UHFFFAOYSA-N,CC1COC(=O)C1(C2C3=C(C(=O)O2)C45CCCC(C4C(C3OC)OC5=O)(C)C)O
205,A_M27_negPFP_04,5.36,515.1478,Priority,[M+Cl]-,GFXHOKACHHWSQG-HEKZAOSPSA-N,COC1=C(C=CC(=C1)CC2COC(C2COC(=O)C3=CC=C(C=C3)O)C4=CC(=C(C=C4)O)OC)O
206,A_M24_negPFP_03,1.16,373.1140,Priority,[M+FA-H]-,KQLFQMPSIZRACE-OXEYGOSQSA-N,COC(=O)C(C1=CC=CC=C1)OC2C(C(C(C(O2)CO)O)O)O
207,A_M5_negPFP_03,5.11,1275.6015,Priority,[M+FA-H]-,NPCYPPUNOYDHKT-FTGSXAGXSA-N,CC1C(C(C(C(O1)OC2C(OC(C(C2O)O)OCC3C(C(C(C(O3)OC(=O)C45CCC(=C)CC4C6=CCC7C8(CCC(C(C8CCC7(C6(CC5)C)C)(C)C)OC9C(C(C(CO9)O)O)OC1C(C(C(C(O1)C)O)O)O)C)O)O)O)COC(=O)C)O)O)O
208,A_M26_posPFP_01,5.78,330.2064,Priority,[M+H]+,IGSZOCSRLTUKLJ-UHFFFAOYSA-N,CC1=CC(=O)NC1=CC=C(C)CCC=C(CCC=C(C)C)C(=O)O
209,A_M6_posPFP_01,4.71,303.1227,Priority,[M+H]+,LWZCXTWCFCVAPB-NUTKFTJISA-N,CC1=CC(=O)C(C2(C1CC3=C(C(=O)OC3=C2)C)C)OC(=O)C
210,A_M22_posPFP_02,5.50,695.4341,Priority,[M+Na]+,DPYJSGIGESZKHU-DUIWHAMXSA-N,CC(=CCCC=C(C)CCC1C(CCC(O1)C(C)(C)OC2C(C(C(C(O2)CO)O)O)O)(C)O)CCC3C(CCC(O3)C(C)(C)O)(C)O
211,A_M30_posPFP_01,6.02,554.2748,Priority,[M+NH4]+,BYTPMMJRDFCGKX-RYXVVOBLSA-N,CC1C(C(OC1C2=CC3=C(C=C2)OCO3)C4=CC(=C(C=C4)OC(C)C(C5=CC(=C(C=C5)OC)OC)O)OC)C
212,A_M30_negPFP_03,4.42,809.4329,Priority,[M-H]-,HCFFYRGPTPKLPK-HHNOJRCQSA-N,CC1CCC2(CCC3(C(=CCC4C3(CCC5C4(CCC(C5(C)C)OC6C(C(C(C(O6)C(=O)O)O)O)O)C)C)C2C1(C)O)C)C(=O)OC7C(C(C(C(O7)CO)O)O)O
213,E_M76_posPFP_01,0.31,140.1070,Priority,[M+H]+,DTUJRJIWGWTNFQ-UHFFFAOYSA-N,C1CC1N2CCC(=O)CC2
214,E_M33_posPFP_01,0.32,764.8774,Priority,[M+NH4]+,BHCBLTRDEYPMFZ-UHFFFAOYSA-N,CC(=O)NC1=C(C(=C(C(=C1I)C(=O)NCC(CO)O)I)C(=O)NCC(CO)O)I
215,E_M38_negPFP_03,6.39,541.1632,Priority,[M-H]-,KKBGNYHHEIAGOH-UHFFFAOYSA-N,C1C(CC2=CC=CC=C2C1C3=C(C4=CC=CC=C4OC3=O)O)C5=CC=C(C=C5)OCC6=CC=C(C=C6)C(F)(F)F
216,A_M27_negPFP_03,5.53,902.5119,Priority,[M+FA-H]-,LRHHFHPQWVDGIQ-JTHVBYAHSA-N,CC(=O)NC1C(C(C(OC1OC(C)(C)C2CCC(O2)(C)C(CCC(=C)C3CCC4C3(CCC5C4(CCC(O5)C(C)(C)OC6C(C(C(C(O6)CO)O)O)O)C)C)O)CO)O)O
217,A_M8_negPFP_03,2.98,493.2291,Priority,[M+FA-H]-,RVQFSOHDFFWTLD-CNWHQPCMSA-N,CC1(C2CCC1(C(C2)OC3C(C(C(C(O3)COC4C(C(CO4)(CO)O)O)O)O)O)C)C
218,A_M24_negPFP_03,0.39,405.1402,Priority,[M+FA-H]-,VXXKDWBEVHGANN-XJWQLZQYSA-N,COC1=C(C=CC(=C1)OC2C(C(C(C(O2)CO)O)O)O)CC(CO)O
219,A_M23_posPFP_01,5.45,229.1434,Priority,[M+H]+,GFMGGFIBSURRGW-VIFPVBQESA-N,CCCCCCC=C(C(C)C(=O)O)C(=O)O
220,A_M6_posPFP_01,4.79,319.2268,Priority,[M+H]+,JZXWITIZXDCGSC-UHFFFAOYSA-N,CC1(C2CCC34CC(CCC3C2(C=CC1=O)C)C(C4)(CO)O)C
221,A_M26_posPFP_02,5.48,355.1880,Priority,[M+Na]+,QQQHFUHGZMFSOB-UHFFFAOYSA-N,CC1=CC(C(=CC(C)CCC=C(CCC=C(C)C)C(=O)O)C1=O)O
222,A_M3_posPFP_02,2.44,359.2193,Priority,[M+Na]+,SYLBWUCYLWBMER-BHJGDWCPSA-N,CC12CCC(=O)C(C1CCC34C2CC(CC3)C(C4)(CO)O)(C)CO
223,A_M6_negPFP_03,1.60,199.0976,Priority,[M-H]-,NQNFBFWPHHJVSM-UHFFFAOYSA-N,CCCC1C(C(CO1)O)C=CC(=O)O
224,A_M30_negPFP_03,5.08,889.1469,Priority,[M-H]-,PLESAOGBVATPML-LMAPNQLBSA-N,C1C2C(C(C(C(O2)OC3=CC(=C(C(=C3)O)C(=O)CCC4=CC=C(C=C4)O)O)O)OC(=O)C5=CC(=C(C(=C5)O)O)O)OC(=O)C6=CC(=C(C(=C6C7=C(C(=C(C=C7C(=O)O1)O)O)O)O)O)O
225,E_M40_negPFP_04,0.39,475.1473,Priority,[M+Cl]-,GZKLJWGUPQBVJQ-UHFFFAOYSA-N,C1CN(CCC1C2=CN(C3=C2C=C(C=C3)Cl)C4=CC=C(C=C4)F)CCN5CCNC5=O
226,E_M76_posPFP_01,3.26,148.0757,Priority,[M+H]+,DWAQDRSOVMLGRQ-UHFFFAOYSA-N,COC1=CC2=C(C=C1)NC=C2
227,E_M35_posPFP_01,6.16,489.1243,Priority,[M+H]+,PLHJCIYEEKOWNM-UHFFFAOYSA-N,CN1C=NC=C1C(C2=CC=C(C=C2)Cl)(C3=CC4=C(C=C3)N(C(=O)C=C4C5=CC(=CC=C5)Cl)C)N
228,A_M23_posPFP_01,4.28,251.1642,Priority,[M+H]+,BUOMUXLXLTWQRD-UHFFFAOYSA-N,CC1CC=C2C(=C1C=O)OC(C2(C)C)C(C)CO
229,A_M3_posPFP_01,5.76,337.2737,Priority,[M+H]+,VOCMJEUNEDTYIN-JKMCDVCNSA-N,CCC(C)C1C(=CC2CC(CC(C2C1(C)C(=O)CCO)C)C)CO
230,A_M6_posPFP_02,5.63,371.1829,Priority,[M+Na]+,HETFHSADNIQCEJ-UHFFFAOYSA-N,CC1=C(OC=C1)C(C(C2(CCC=C(C(=O)O2)CCC=C(C)C)C)O)O
231,A_M26_posPFP_02,4.14,551.2827,Priority,[M+Na]+,ZVUKZMWLRYNENB-KPPISPLZSA-N,CC(=CCCC(=CCCC(C)(C=C)OC1C(C(C(C(O1)CO)O)O)O)CO)CC(C=C(C)C(=O)OC)O
232,A_M28_negPFP_03,3.69,329.1031,Priority,[M-H]-,CLQSQZGNPFWGAE-INIZCTEOSA-N,COC1=C(C=CC(=C1)C=CC(=O)OCC(C2=CC=C(C=C2)O)O)O
233,A_M6_negPFP_03,2.75,265.1445,Priority,[M-H]-,JVWMEYMYQAAGMM-VDEZILSRSA-N,CC1=C(CC2(C13CCC(C3C(C2)O)(C)O)C)C(=O)O
234,A_M24_negPFP_03,5.63,371.1136,Priority,[M-H]-,LRDZBWWOVQELFI-UHFFFAOYSA-N,CC1CC2(C3C(C1C)C4=CC5=C(C=C4OC36C(=CC2=O)OCO6)OCO5)O
235,A_M8_negPFP_03,1.82,495.1144,Priority,[M-H]-,QCKMSYZHBPNLCB-ZFVOUSBOSA-N,COC1=C(C=CC(=C1)C(=O)OC2=CC(=CC(=C2CC(=O)O)O)OC3C(C(C(C(O3)CO)O)O)O)O
236,A_M30_negPFP_03,3.79,1129.5436,Priority,[M-H]-,YYJQHCMKQJHGGA-VBJBMQEVSA-N,CC1C(C(C(C(O1)OC2C(C(COC2OC3CCC4(C(C3(C)C)CCC5(C4CC=C6C5(CCC7(C6CC(CC7)(C)C(=O)O)C(=O)OC8C(C(C(C(O8)COC9C(C(C(C(O9)COC(=O)C)O)O)O)O)O)O)C)C)C)O)O)O)O)O
237,E_M76_posPFP_01,5.90,278.1176,Priority,[M+H]+,FBLAHUMENIHUGG-UHFFFAOYSA-N,CC1=CC=CC=C1NC(=O)C2=CC3=CC=CC=C3C=C2O
238,E_M35_posPFP_01,7.09,531.4408,Priority,[M+H]+,YCZJVRCZIPDYHH-UHFFFAOYSA-N,CCCCCCCCCCCCCOC(=O)C1=CC=CC=C1C(=O)OCCCCCCCCCCCCC
239,E_M40_negPFP_03,5.97,500.9259,Priority,[M-H]-,BHFJBHMTEDLICO-UHFFFAOYSA-N,C(C(C(C(C(F)(F)S(=O)(=O)F)(F)F)(F)F)(F)F)(C(C(C(F)(F)F)(F)F)(F)F)(F)F
240,A_M6_negPFP_04,2.04,374.1376,Priority,[M+Cl]-,JGCPVCKZVBKIHO-UHFFFAOYSA-N,CCC(C(C)O)(C(=O)OCC1=CC=C(C=C1)NCCCC(=O)O)O
241,A_M24_negPFP_04,2.24,457.0907,Priority,[M+Cl]-,LRFIKYDSTHZRKW-STEXWYFWSA-N,C1=CC(=CC=C1COC(=O)C2=CC(=C(C=C2)O)O)OC3C(C(C(C(O3)CO)O)O)O
242,A_M8_negPFP_04,1.82,671.0657,Priority,[M+Cl]-,SUAXOYITDJNGFM-AJHJKSEASA-N,C1=C(C=C(C(=C1O)O)O)C(=O)OCC2C(C(C(C(O2)OC(=O)C3=CC(=C(C(=C3)O)O)O)O)O)OC(=O)C4=CC(=C(C(=C4)O)O)O
243,A_M26_posPFP_01,4.50,589.3007,Priority,[M+H]+,XBOVCSNIOQPGAW-UBNYYTIRSA-N,CC1C(C(C(C(O1)OC2CCC3(C4CC(C5(C(CCC5(C4CCC3=C2)O)C6=COC(=O)C=C6)C)OC(=O)C)C)O)O)O
244,A_M23_posPFP_01,5.43,421.2585,Priority,[M+H]+,YXNJBOPJNBXMGA-HUDUBEJRSA-N,CC(=O)OCC1(C2CCC34CC(CCC3C2(CCC1=O)C)C(C4)(COC(=O)C)O)C
245,A_M3_posPFP_02,2.89,553.2619,Priority,[M+Na]+,LZIOIGRHSJIZED-UHFFFAOYSA-N,CC1(CCC2C(C1O)OC(=O)CC3C2(CCCC3(C)C(=O)O)C)CCOC4C(C(C(C(O4)CO)O)O)O
246,A_M6_posPFP_01,2.79,424.1602,Priority,[M+NH4]+,VKSWFQCTDQBTII-STEXWYFWSA-N,C1=CC(=CC=C1COC(=O)C2=CC=C(C=C2)O)OC3C(C(C(C(O3)CO)O)O)O
247,A_M28_negPFP_03,5.51,375.0722,Priority,[M-H]-,WBPAMTGAAPNFPT-UHFFFAOYSA-N,CC1=CC(=C(C(=C1C(=O)O)OC2=C(C(=CC(=C2C)OC)C(=O)O)O)C=O)O
248,E_M86_posPFP_01,8.18,453.2397,Priority,[M+H]+,PRDFBSVERLRRMY-UHFFFAOYSA-N,CCOC1=CC=C(C=C1)C2=NC3=C(N2)C=C(C=C3)C4=NC5=C(N4)C=C(C=C5)N6CCN(CC6)C
249,E_M35_posPFP_01,6.61,625.8278,Priority,[M+H]+,NEMNPWINWMHUMR-UHFFFAOYSA-N,C1=CC(=CC=C1OC2=C(C=C(C=C2)NC(=O)C3=C(C(=CC(=C3)I)I)O)Cl)Cl
250,E_M44_negPFP_03,4.02,175.0401,Priority,[M-H]-,YMZTUCZCQMQFMK-UHFFFAOYSA-N,CC1=C(OC2=CC=CC=C12)C(=O)O
